{
"apiVersion": "V2",
"assemblies": [
{
  "files": [
    {
      "filePath": "assembly_data_report.jsonl",
      "fileType": "DATA_REPORT",
      "uncompressedLengthBytes": "3320"
    }
  ]
},{
  "accession": "GCF_000196035.1",
  "files": [
    {
      "filePath": "GCF_000196035.1/GCF_000196035.1_ASM19603v1_genomic.fna",
      "fileType": "GENOMIC_NUCLEOTIDE_FASTA",
      "uncompressedLengthBytes": "2981405"
    },
    {
      "filePath": "GCF_000196035.1/genomic.gff",
      "fileType": "GFF3",
      "uncompressedLengthBytes": "2038418"
    },
    {
      "filePath": "GCF_000196035.1/cds_from_genomic.fna",
      "fileType": "CDS_NUCLEOTIDE_FASTA",
      "uncompressedLengthBytes": "3212322"
    },
    {
      "filePath": "GCF_000196035.1/protein.faa",
      "fileType": "PROTEIN_FASTA",
      "uncompressedLengthBytes": "1096943"
    },
    {
      "filePath": "GCF_000196035.1/sequence_report.jsonl",
      "fileType": "SEQUENCE_REPORT",
      "uncompressedLengthBytes": "315"
    }
  ]
}]}
